,media i komunikacja społeczna
0,Agencje informacyjne
1,Multimedia
2,Czytelność druku
3,Dziennikarstwo
4,Korekta
5,Korespondenci terenowi
6,Korespondenci wojenni
7,Korespondenci zagraniczni
8,Spikerzy
9,Środki masowego przekazu
10,Polityka medialna
11,Telewizja
12,Telewizja kolorowa
13,Telewizja satelitarna
14,Telewizory
15,Wideo
16,Wolność słowa
17,Ośrodki informacji
18,Prasa (wydawnictwa)
19,Propaganda
20,Radiofonia
21,Radiofonia przewodowa
22,Radiokomunikacja
23,Radiokomunikacja morska
24,Radioodbiorniki
25,Radiostacje
26,Radiotelefonia
27,Radiotelegrafia
28,Radiowęzły
29,Rozgłośnia radiowa
30,Rozmowa
31,Internet
32,Teleturnieje
33,Prawo prasowe
34,Telewizja kablowa
35,Nagroda Pulitzera
36,Zastosowania multimediów w edukacji
37,Społeczeństwo informacyjne
38,Rozmowa telefoniczna
39,Dziennikarze
40,Stacje telewizyjne
41,Telewizja publiczna
42,Optotelekomunikacja
43,Tajemnica korespondencji
44,Radiofonia publiczna
45,Zastosowania internetu w edukacji
46,Nauczanie na odległość
47,Nagroda Kisiela
48,Radioodtwarzacz samochodowy
49,Dziennikarze sportowi
50,Edukacja medialna
51,Rozgłośnia internetowa
52,Reality show
53,Konferencja prasowa
54,Prezentacje i wystąpienia
55,Perswazja
56,Prasa bezpłatna
57,Rzecznicy prasowi
58,Kawiarnie internetowe
59,Etyka dziennikarska
60,Telewizyjne programy informacyjne
61,Radiofonia cyfrowa
62,SMS
63,Talk show
64,Symbole Blissa
65,Google
66,Firmowa witryna internetowa
67,Radiokomunikacja ruchoma
68,Emotikony
69,Wolność mediów
70,Ośrodki informacji europejskiej
71,Spam
72,Komunikatory internetowe
73,Telewizyjne programy sportowe
74,Boardmaker
75,PCS (system symboli)
76,Telewizja prywatna
77,Telewizja cyfrowa
78,Nowości wydawnicze
79,Telewizja regionalna
80,Rozgłośnia regionalna
81,Poczta głosowa
82,Thunderbird
83,Fotoreporterzy
84,Dziennikarstwo śledcze
85,Telewizja tematyczna
86,Second Life (gra komputerowa)
87,Dzień Książki i Praw Autorskich (23 kwietnia)
88,RADIO96 (program komputerowy)
89,Internetowe serwisy ogłoszeniowe
90,Google Web Toolkit
91,e-barometr (portal)
92,Dodatki do czasopism
93,Google AdWords
94,Google AdSense
95,Regionalne środki masowego przekazu
96,e-geniusz (portal)
97,Forum internetowe
98,AMPRNet (sieć radiowa)
99,Konwergencja mediów
100,Telewizja użytkowa
101,Telewizja mobilna
102,Nasza Klasa (portal społecznościowy)
103,Okładki i koperty płytowe
104,Kultura informacyjna
105,Dzień Bezpiecznego Internetu
106,YouTube
107,Dziennikarstwo obywatelskie
108,Dziennikarstwo sportowe
109,Dziennikarstwo internetowe
110,Tajemnica dziennikarska
111,Facebook (portal społecznościowy)
112,Folksonomia
113,Medioznawstwo
114,Medioznawcy
115,Czytelnictwo prasy
116,Portal społecznościowy
117,Nauczyciele edukacji medialnej
118,Okładki książkowe
119,Biały wywiad
120,Web 2.0
121,"Projekt ""Obszar wspólny, obszar własny"""
122,Prezentacje multimedialne
123,SITex
124,Netykieta
125,Steganografia
126,Fuzja informacji
127,Rozmowa towarzyska
128,Networking
129,Tabloidyzacja
130,Historia wizualna
131,Nagrody dziennikarskie
132,Elitmat Space (portal)
133,Uniwersytet Nauk Magicznych (portal)
134,Voting advice application
135,Operacja Perła (1981)
136,Google+
137,Okładki czasopism
138,Twitter
139,Siepomaga.pl
140,Telewizyjne programy poranne
141,Roaming międzynarodowy
142,E-matura
143,Menedżerowie zawartości serwisów internetowych
144,Pinterest
145,Media społecznościowe
146,Telewizja internetowa
147,Dziennikarstwo muzyczne
148,Ello
149,Wirtualny Sztetl
150,Onet
151,Demotywatory.pl
152,Fronda.pl
153,Uzależnienia medialne
154,Memy internetowe
155,Fotka (portal)
156,Grono.net
157,Wiedźmin (gra komputerowa)
158,MySpace (portal społecznościowy)
159,Abstrachuje.TV (wideoblog)
160,Płyty offsetowe
161,Google Analytics
162,Google Tag Manager
163,WikiLeaks
164,Przestępstwa przeciwko ochronie informacji
165,Instagram
166,Przestępstwo prasowe
167,Radio społeczne
168,Layers of Fear
169,Media i komunikacja społeczna
170,Big data
171,Kasety magnetofonowe
172,Pyta.pl
173,Radio Yesterday (program muzyczny)
174,Badania internetowe
175,YouTuberzy
176,Redaktorzy
177,Talent show
178,Komunikacja strategiczna
179,Programy informacyjne
180,Wielkopolska Biblioteka Cyfrowa
181,Dziennikarstwo radiowe
182,Dzień Łącznościowca (18 października)
183,Międzynarodowy Tydzień Pisania Listów
184,Blogerzy
185,College of Wizardry
186,Witcher School (gra)
187,Tablica multimedialna
188,Yahoo!
189,Emoji
190,LinkedIn
191,Deutsche Welle (portal internetowy)
192,Komunikacja elektroniczna
193,Dyskurs
194,Analiza dyskursu
195,User-generated content
196,Web 3.0
197,Lubelska Biblioteka Wirtualna
198,Otwórz Książkę (serwis internetowy)
199,Komunikologia
200,Pracownicy telewizji
201,Pudelek (portal internetowy)
202,Foch.pl
203,Glusi.tv
204,Szukajwarchiwach (portal internetowy)
205,pracuj.pl
206,konstytucyjny.pl
207,ftb.pl
208,SUW (system informatyczny)
209,OKO.press
210,ASZdziennik
211,Niezależna.pl
212,Portal randkowy
213,Media strumieniowe
214,Poradnik Językowy online (portal internetowy)
215,Dobry słownik (słownik internetowy)
216,Format telewizyjny
217,Infotainment
218,Paparazzi
219,Polsko-Niemiecka Nagroda Dziennikarska im. Tadeusza Mazowieckiego
220,Kompetencje medialne
221,Czytanie społecznościowe
222,"Nagroda Dziennikarska im. Biskupa Jana Chrapka ""Ślad"""
223,PolakPotrafi.pl
224,Gatunki medialne
225,Wideo na żądanie (VOD)
226,Analiza treści i zawartości mediów
227,Wizerunek medialny
228,M-learning
229,Estetyzacja
230,TripAdvisor
231,Producenci telewizyjni
232,Gonzo (dziennikarstwo)
233,CDA.pl
234,FutureNet
235,Dziennikarze muzyczni
236,Miasto literatów++
237,Dziennikarze radiowi
238,Krytyka prasowa
239,Lubimyczytać.pl
240,Bariery komunikacyjne
241,Nagroda Złotego Pióra im. Jerzego Katarasińskiego
242,Couchsurfing
243,Polska Cyfrowa Równych Szans (program)
244,Media publiczne
245,Komunikacja wizualna
246,Dobranocka (program telewizyjny)
247,Publicyści
248,Panika moralna
249,Astroturfing
250,Okcydentalizacja
251,Fake news
252,Media katolickie
253,Tenure
254,Specjaliści ds. public relations
255,Kraina OZA (portal internetowy)
256,Symbole Sclera
257,Wahl-O-Mat (portal internetowy)
258,Rotten Tomatoes (portal internetowy)
259,E-wizerunek
260,Google Classroom
261,Hospitality Club (portal społecznościowy)
262,EU Kids Online (badanie)
263,Dziennikarstwo telewizyjne
264,Academia.edu (portal społecznościowy)
265,ResearchGate (portal społecznościowy)
266,OtoStolik.pl (portal internetowy)
267,Światowy Dzień Środków Społecznego Przekazu
268,Pepe (mem internetowy)
269,Bańka filtrująca
270,NCzasTV (kanał internetowy)
271,Visualizing Palestine (portal internetowy)
272,Świąteczna Gwiazdeczka (plebiscyt)
273,Redaktorzy naczelni
274,Show business
275,Konto na portalu społecznościowym
276,Path (gra komputerowa)
277,Dostęp do Internetu
278,Kompetencje audiowizualne
279,Zbierzmy.pl
280,Pasek informacyjny (telewizja)
281,Imperializm kulturowy
282,Influencerzy
283,Avon MakeupTV (kanał internetowy)
284,Dziennikarze prasowi
285,Newsroom (pomieszczenie)
286,Infoetyka
287,Telegram (komunikator internetowy)
288,Viber (komunikator internetowy)
289,Framing (media)
290,Grecja w ogniu (portal internetowy)
291,Chiny to Lubię (blog)
292,Gesty foniczne
293,Akademicki Laur Dziennikarski (AKLAUD)
294,Vaporwave (subkultura)
295,Uwaga! Naukowy Bełkot (kanał internetowy)
296,Kinomaniak.tv (portal internetowy)
297,Dzielenie kart kodujących
298,Sharing internetowy
299,Modyfikacja gry komputerowej
300,Kinoholik (blog)
301,Nagroda im. doktora Karola Jakubowicza
302,Różowa Walizka (kanał internetowy)
303,G.F. Darwin (kanał internetowy)
304,Nadprodukcja informacji
305,Agenda setting (media)
306,Komunikacja zintegrowana
307,Media hybrydowe
308,Media mobilne
309,Nowe media (komunikacja)
310,Biblioteka.pl (portal internetowy)
311,Queerbaiting
312,Patostream
313,Booking.com (portal internetowy)
314,MamPrawoWiedzieć.pl (portal internetowy)
315,Przebudzenie Bogów (gra fabularna)
316,Zombie Chopper (gra fabularna)
317,Cel w podróży (blog)
318,Zmierz się z Bidą Galicyjską (gra fabularna)
319,gazeta.pl (portal internetowy)
320,Prenumerata
321,Watchtower-forum.pl
322,Fantastyka.pl (portal internetowy)
323,Bellingcat (portal internetowy)
324,Kaczka dziennikarska
325,Woje Miodomiła (gra fabularna)
326,E-Literaci.pl (portal internetowy)
327,Stikbot Studio (aplikacja mobilna)
328,ChatterPix (aplikacja mobilna)
329,Prawo do sprostowania prasowego
330,ParaŚwiaty (gra fabularna)
331,Hiena Roku (antynagroda)
332,Dzień Dobrej Wiadomości (8 września)
333,Światowy Dzień Środków Masowego Przekazu (24 stycznia)
334,Teoria komunikacji i mediów
335,Nasze Kaszuby (portal społecznościowy)
336,Plotek (portal internetowy)
337,Trash TV
338,Deon.pl (portal internetowy)
339,Łańcuszek szczęścia
340,Komunikacja push
341,Polsat.pl (portal internetowy)
342,TVN online (portal internetowy)
343,TuLodz.pl (portal internetowy)
344,InformacjeLodzkie.pl (portal internetowy)
345,Efekt (gra)
346,Twierdza (gra fabularna)
347,Strzygi (gra fabularna)
348,TVP Info (portal internetowy)
349,Spotted Lublin (portal internetowy)
350,Sharenting
351,Lub Je.pl (portal internetowy)
352,Pluralizm mediów
353,TVN24 (portal internetowy)
354,Forum Krzyż (forum internetowe)
355,wRealu24 (kanał internetowy)
356,Antropologia mediów
357,B2C
358,Rejestratory rozmów
359,Warsztaty dziennikarskie
360,Ksiądz z osiedla (blog)
361,Kreowanie wizerunku
362,Osobowości telewizyjne
363,Patriarchat.pl
364,Adventures in an Age Undreamed Of (gra fabularna)
365,Talisman (gra komputerowa)
366,Wideokonferencje
367,Metawersum
368,Emused (platforma internetowa)
369,Kanał Sportowy (kanał internetowy)
370,FOMO
371,Stypendium im. Leopolda Ungera
372,Netflix (serwis streamingowy)
373,Digital Signage
374,BanBye.pl (portal internetowy)
375,Prawo mediów
376,Remarketing
377,Co Słychać (telewizja internetowa)
378,Tinder.com (portal randkowy)
379,Ekai.pl (portal internetowy)
380,Gosc.pl (portal internetowy)
381,Niedziela.pl (portal internetowy)
382,Feminoteka.pl (portal internetowy)
383,Wakacje.pl (portal internetowy)
384,Clubhouse (portal społecznościowy)
385,Inflacja akademicka
386,Sputnik.by (portal internetowy)
387,dzisiajwbetlejem.pl (blog)
388,Dziennikarze motoryzacyjni
389,Światowy Dzień Radia (13 lutego)
390,wRealu24.pl (portal internetowy)
391,Dziennikarstwo polityczne
392,Portal Czasopism Naukowych
393,Noizz.pl (portal internetowy)
